2.35	0.056	-8.734	acostado
2.313	0.268	-8.423	acostado
2.197	0.566	-8.03	acostado
1.882	0.77	-7.963	acostado
1.96	0.66	-8.023	acostado
2.447	0.384	-8.401	acostado
2.738	0.078	-9.37	acostado
2.938	-0.183	-10.409	acostado
2.842	-0.332	-11.052	acostado
2.476	-0.376	-11.333	acostado
2.126	-0.342	-11.192	acostado
1.812	-0.119	-10.253	acostado
1.785	0.189	-9.325	acostado
1.628	0.468	-8.497	acostado
1.48	0.607	-8.068	acostado
1.52	0.667	-8.058	acostado
1.75	0.684	-8.452	acostado
1.999	0.523	-8.982	acostado
2.185	0.225	-9.554	acostado
2.242	-0.042	-9.96	acostado
2.223	-0.146	-10.015	acostado
2.154	0.008	-9.778	acostado
2.119	0.273	-9.452	acostado
2.095	0.476	-9.122	acostado
2.114	0.542	-8.867	acostado
2.152	0.48	-8.868	acostado
2.236	0.369	-8.995	acostado
2.3	0.245	-9.231	acostado
2.421	0.136	-9.376	acostado
2.407	0.056	-9.443	acostado
2.374	0.158	-9.465	acostado
2.35	0.202	-9.395	acostado
2.313	0.368	-9.264	acostado
2.285	0.506	-9.221	acostado
2.304	0.486	-9.143	acostado
2.339	0.455	-9.027	acostado
2.326	0.364	-9.091	acostado
2.429	0.32	-9.244	acostado
2.501	0.351	-9.292	acostado
2.523	0.376	-9.324	acostado
2.483	0.419	-9.299	acostado
2.482	0.352	-9.396	acostado
2.591	0.363	-9.287	acostado
2.509	0.357	-9.25	acostado
2.471	0.297	-9.257	acostado
2.388	0.235	-9.262	acostado
2.255	0.19	-9.305	acostado
2.174	0.174	-9.321	acostado
2.107	0.163	-9.379	acostado
2.105	0.14	-9.505	acostado
2.01	0.068	-9.497	acostado
1.979	0.13	-9.398	acostado
2.067	0.275	-9.343	acostado
2.218	0.376	-9.31	acostado
2.28	0.292	-9.209	acostado
2.259	0.13	-9.339	acostado
2.298	0.256	-9.303	acostado
2.801	0.836	-9.334	acostado
2.812	1.026	-8.976	acostado
2.258	0.8	-8.817	acostado
1.973	0.587	-8.742	acostado
1.7	0.464	-8.871	acostado
1.583	0.36	-9.008	acostado
1.494	0.384	-9.183	acostado
1.427	0.411	-9.323	acostado
1.389	0.354	-9.51	acostado
1.499	0.285	-9.573	acostado
1.651	0.28	-9.583	acostado
1.794	0.32	-9.476	acostado
1.858	0.424	-9.237	acostado
1.9	0.549	-9.019	acostado
1.85	0.498	-8.921	acostado
1.794	0.427	-8.967	acostado
1.884	0.415	-9.148	acostado
2.027	0.358	-9.3	acostado
2.076	0.354	-9.383	acostado
2.106	0.286	-9.409	acostado
2.181	0.213	-9.376	acostado
2.279	0.245	-9.231	acostado
2.339	0.45	-9.118	acostado
2.404	0.66	-9.088	acostado
2.422	0.772	-9.116	acostado
2.309	0.649	-9.153	acostado
2.184	0.415	-9.104	acostado
2.113	0.262	-9.145	acostado
2.042	0.194	-9.249	acostado
2.031	0.221	-9.426	acostado
2.095	0.28	-9.462	acostado
2.122	0.333	-9.394	acostado
2.102	0.322	-9.454	acostado
2.201	0.247	-9.452	acostado
1.754	0.206	-9.588	acostado
1.335	0.139	-9.77	acostado
0.777	0.248	-9.852	acostado
0.618	0.484	-9.803	acostado
0.751	0.678	-9.438	acostado
0.804	0.672	-9.22	acostado
0.876	0.498	-9.098	acostado
1.014	0.339	-9.078	acostado
1.15	0.273	-9.175	acostado
1.301	0.329	-9.306	acostado
1.464	0.359	-9.461	acostado
1.739	0.214	-9.597	acostado
2.154	0.01	-9.566	acostado
2.553	-0.053	-9.345	acostado
2.795	0.066	-9.196	acostado
2.892	0.272	-9.227	acostado
2.972	0.401	-9.258	acostado
2.975	0.438	-9.231	acostado
2.952	0.356	-9.185	acostado
2.903	0.19	-9.172	acostado
2.926	-0.022	-9.184	acostado
3.002	-0.256	-9.19	acostado
3.059	-0.371	-9.219	acostado
3.074	-0.322	-9.263	acostado
2.982	-0.25	-9.28	acostado
2.89	-0.162	-9.298	acostado
2.778	-0.096	-9.252	acostado
2.617	-0.031	-9.233	acostado
2.472	0.032	-9.263	acostado
2.322	0.124	-9.298	acostado
2.143	0.158	-9.328	acostado
2.047	0.17	-9.214	acostado
1.945	0.178	-9.148	acostado
1.893	0.272	-9.148	acostado
1.897	0.316	-9.226	acostado
1.861	0.285	-9.383	acostado
1.844	0.196	-9.39	acostado
1.828	0.062	-9.305	acostado
1.809	-0.05	-9.218	acostado
1.921	-0.04	-9.207	acostado
2.083	0.087	-9.27	acostado
2.184	0.16	-9.287	acostado
2.241	0.169	-9.153	acostado
2.282	0.159	-9.082	acostado
2.331	0.215	-9.155	acostado
2.359	0.262	-9.27	acostado
2.33	0.242	-9.317	acostado
2.267	0.148	-9.304	acostado
2.203	0.079	-9.246	acostado
2.207	0.11	-9.245	acostado
2.235	0.193	-9.268	acostado
2.252	0.213	-9.293	acostado
2.223	0.154	-9.255	acostado
2.271	0.132	-9.249	acostado
2.32	0.145	-9.245	acostado
2.365	0.16	-9.254	acostado
2.386	0.145	-9.266	acostado
2.407	0.111	-9.268	acostado
2.423	0.144	-9.264	acostado
2.405	0.168	-9.209	acostado
2.37	0.142	-9.221	acostado
2.307	0.123	-9.197	acostado
2.277	0.193	-9.208	acostado
2.233	0.263	-9.218	acostado
2.192	0.267	-9.238	acostado
2.199	0.273	-9.284	acostado
2.223	0.248	-9.299	acostado
2.228	0.166	-9.252	acostado
2.21	0.177	-9.213	acostado
2.216	0.233	-9.196	acostado
2.222	0.239	-9.189	acostado
2.223	0.181	-9.188	acostado
2.261	0.123	-9.22	acostado
2.343	0.226	-9.221	acostado
2.404	0.283	-9.227	acostado
2.381	0.201	-9.236	acostado
2.386	0.079	-9.3	acostado
2.447	0.079	-9.267	acostado
2.534	0.193	-9.248	acostado
2.601	0.259	-9.248	acostado
2.6	0.207	-9.182	acostado
2.522	0.011	-9.199	acostado
2.484	-0.133	-9.244	acostado
2.434	-0.209	-9.38	acostado
2.331	-0.196	-9.385	acostado
2.167	-0.103	-9.313	acostado
2.125	0.042	-9.306	acostado
2.122	0.166	-9.276	acostado
2.145	0.174	-9.287	acostado
2.163	0.104	-9.244	acostado
2.16	0.055	-9.222	acostado
2.229	0.095	-9.256	acostado
2.231	0.136	-9.252	acostado
2.136	0.119	-9.257	acostado
2.02	0.069	-9.266	acostado
1.958	0.081	-9.284	acostado
1.944	0.099	-9.316	acostado
1.976	0.067	-9.331	acostado
2.011	0.029	-9.274	acostado
2.06	0.038	-9.37	acostado
2.114	0.029	-9.379	acostado
2.087	0.007	-9.329	acostado
2.089	-0.012	-9.286	acostado
2.14	0.013	-9.262	acostado
2.2	0.028	-9.286	acostado
2.157	0.001	-9.272	acostado
2.1	-0.063	-9.285	acostado
2.051	-0.128	-9.357	acostado
2.069	-0.184	-9.348	acostado
2.084	-0.209	-9.374	acostado
2.186	-0.134	-9.372	acostado
2.31	0.077	-9.298	acostado
2.45	0.235	-9.238	acostado
2.423	0.283	-9.246	acostado
2.292	0.164	-9.272	acostado
2.224	0.024	-9.227	acostado
2.233	0.02	-9.188	acostado
2.26	0.169	-9.131	acostado
2.264	0.412	-9.148	acostado
2.206	0.493	-9.171	acostado
2.091	0.368	-9.215	acostado
2.005	0.248	-9.22	acostado
1.973	0.25	-9.22	acostado
1.997	0.4	-9.333	acostado
2.057	0.564	-9.347	acostado
2.106	0.587	-9.254	acostado
2.076	0.432	-9.142	acostado
2.088	0.283	-9.185	acostado
2.106	0.193	-9.251	acostado
2.041	0.163	-9.29	acostado
1.939	0.178	-9.322	acostado
1.913	0.186	-9.268	acostado
1.985	0.236	-9.182	acostado
2.045	0.338	-9.111	acostado
2.006	0.42	-9.11	acostado
1.919	0.467	-9.183	acostado
1.931	0.522	-9.196	acostado
1.869	0.535	-9.291	acostado
1.596	0.541	-9.367	acostado
1.179	0.423	-9.59	acostado
0.806	0.281	-9.785	acostado
0.728	0.108	-9.845	acostado
0.645	-0.041	-9.691	acostado
0.542	-0.06	-9.425	acostado
0.517	0.101	-9.221	acostado
0.906	0.286	-9.173	acostado
1.493	0.318	-9.167	acostado
2.182	0.219	-9.147	acostado
2.704	0.066	-9.337	acostado
3.002	-0.05	-9.579	acostado
3.067	-0.15	-9.536	acostado
2.946	-0.186	-9.384	acostado
2.976	-0.048	-9.442	acostado
3.436	0.008	-9.782	acostado
4.244	0.063	-9.771	acostado
4.781	0.08	-8.88	acostado
4.719	-0.006	-8.383	acostado
4.312	0.078	-8.317	acostado
3.911	-0.069	-8.637	acostado
3.812	-0.241	-8.787	acostado
3.801	-0.589	-9.184	acostado
3.727	-0.713	-9.414	acostado
3.567	-0.391	-9.239	acostado
3.176	0.091	-9.007	acostado
2.788	0.516	-8.842	acostado
2.263	0.718	-8.906	acostado
1.566	0.826	-9.098	acostado
0.933	0.921	-9.224	acostado
0.532	0.996	-9.147	acostado
0.238	1.018	-9.088	acostado
0.04	0.982	-9.202	acostado
-0.024	0.933	-9.365	acostado
0.066	0.747	-9.286	acostado
0.25	0.533	-9.158	acostado
0.451	0.335	-9.012	acostado
0.573	0.323	-8.812	acostado
0.717	0.457	-8.687	acostado
0.832	0.6	-8.769	acostado
1.021	0.621	-9.072	acostado
1.213	0.53	-9.5	acostado
1.36	0.382	-9.881	acostado
1.334	0.124	-10.208	acostado
1.267	-0.241	-10.309	acostado
1.27	-0.527	-10.033	acostado
1.368	-0.533	-9.614	acostado
1.712	-0.344	-9.28	acostado
2.27	-0.101	-9.112	acostado
2.841	0.024	-8.95	acostado
3.449	-0.016	-8.715	acostado
3.853	-0.05	-8.721	acostado
4.159	-0.072	-8.97	acostado
4.367	-0.03	-9.032	acostado
4.53	0.002	-9.042	acostado
4.478	0.121	-9.062	acostado
4.104	0.248	-9.139	acostado
3.796	0.139	-9.231	acostado
3.614	0.034	-9.257	acostado
3.531	0.038	-9.245	acostado
3.509	0.069	-9.184	acostado
3.355	0.081	-9.172	acostado
3.1	0.084	-9.234	acostado
2.829	0.048	-9.257	acostado
2.561	0.047	-9.165	acostado
2.259	0.066	-9.084	acostado
1.98	0.138	-9.078	acostado
1.713	0.176	-9.143	acostado
1.45	0.154	-9.184	acostado
1.204	0.133	-9.152	acostado
1.019	0.113	-9.202	acostado
0.935	0.148	-9.348	acostado
0.954	0.254	-9.428	acostado
1.018	0.28	-9.446	acostado
1.1	0.292	-9.383	acostado
1.178	0.338	-9.287	acostado
1.32	0.379	-9.242	acostado
1.438	0.396	-9.234	acostado
1.604	0.333	-9.226	acostado
1.806	0.292	-9.19	acostado
2.025	0.244	-9.171	acostado
2.263	0.182	-9.276	acostado
2.476	0.017	-9.522	acostado
2.626	0.038	-9.479	acostado
2.743	0.15	-9.392	acostado
2.735	0.17	-9.42	acostado
2.806	0.086	-9.652	acostado
2.772	-0.037	-9.815	acostado
2.806	-0.04	-9.664	acostado
2.587	-0.04	-9.421	acostado
2.381	-0.085	-9.094	acostado
2.386	-0.14	-8.857	acostado
2.624	-0.098	-8.596	acostado
2.836	0.023	-8.51	acostado
3.039	0.123	-8.781	acostado
3.078	0.083	-8.892	acostado
2.995	-0.004	-9.015	acostado
2.846	-0.048	-8.865	acostado
2.579	-0.004	-8.874	acostado
2.409	0.019	-9.032	acostado
2.478	0.042	-9.181	acostado
2.551	0.098	-9.209	acostado
2.484	0.168	-9.116	acostado
2.377	0.245	-9.055	acostado
2.302	0.245	-8.866	acostado
2.24	0.261	-8.605	acostado
2.247	0.348	-8.267	acostado
2.102	0.45	-8.351	acostado
1.987	0.379	-8.851	acostado
2.54	0.36	-9.372	acostado
3.132	0.22	-9.878	acostado
3.348	0.067	-10.053	acostado
3.365	-0.098	-9.686	acostado
2.952	-0.128	-9.658	acostado
2.54	0.063	-9.634	acostado
2.332	0.366	-9.404	acostado
2.181	0.381	-9.25	acostado
2.108	0.25	-9.031	acostado
2.23	0.066	-8.908	acostado
2.428	-0.055	-8.818	acostado
2.392	0.102	-8.832	acostado
2.336	0.237	-8.953	acostado
2.357	0.266	-9.183	acostado
2.388	0.132	-9.413	acostado
2.4	-0.098	-9.589	acostado
2.374	-0.323	-9.601	acostado
2.306	-0.469	-9.536	acostado
2.28	-0.458	-9.394	acostado
2.211	-0.328	-9.279	acostado
2.173	-0.101	-9.23	acostado
2.172	0.104	-9.255	acostado
2.218	0.256	-9.275	acostado
2.261	0.383	-9.249	acostado
2.298	0.472	-9.256	acostado
2.302	0.542	-9.261	acostado
2.289	0.542	-9.276	acostado
2.223	0.479	-9.281	acostado
2.219	0.419	-9.278	acostado
2.209	0.379	-9.274	acostado
2.228	0.315	-9.261	acostado
2.261	0.213	-9.262	acostado
2.327	0.138	-9.238	acostado
2.359	0.108	-9.218	acostado
2.365	0.03	-9.22	acostado
2.318	-0.026	-9.22	acostado
2.247	-0.077	-9.257	acostado
2.212	-0.048	-9.323	acostado
2.194	-0.007	-9.333	acostado
2.187	0.084	-9.327	acostado
2.192	0.127	-9.297	acostado
2.18	0.182	-9.278	acostado
2.174	0.194	-9.246	acostado
2.187	0.192	-9.237	acostado
2.212	0.175	-9.218	acostado
2.216	0.212	-9.213	acostado
2.224	0.261	-9.234	acostado
2.217	0.247	-9.252	acostado
2.24	0.248	-9.257	acostado
2.246	0.227	-9.298	acostado
2.264	0.225	-9.304	acostado
2.264	0.205	-9.258	acostado
2.248	0.182	-9.249	acostado
2.243	0.156	-9.251	acostado
2.257	0.14	-9.256	acostado
2.243	0.133	-9.251	acostado
2.242	0.101	-9.257	acostado
2.239	0.105	-9.261	acostado
2.242	0.11	-9.27	acostado
2.239	0.136	-9.278	acostado
2.237	0.152	-9.281	acostado
2.23	0.17	-9.275	acostado
2.237	0.17	-9.267	acostado
2.243	0.181	-9.251	acostado
2.252	0.182	-9.25	acostado
2.252	0.19	-9.264	acostado
2.245	0.188	-9.26	acostado
2.231	0.192	-9.258	acostado
2.221	0.18	-9.258	acostado
2.211	0.17	-9.256	acostado
2.215	0.181	-9.269	acostado
2.197	0.18	-9.272	acostado
2.207	0.169	-9.258	acostado
2.212	0.151	-9.294	acostado
2.211	0.139	-9.301	acostado
2.204	0.146	-9.27	acostado
2.215	0.157	-9.255	acostado
2.197	0.182	-9.25	acostado
2.215	0.174	-9.243	acostado
2.253	0.156	-9.237	acostado
2.241	0.158	-9.243	acostado
2.255	0.159	-9.262	acostado
2.269	0.19	-9.257	acostado
2.245	0.18	-9.282	acostado
2.236	0.168	-9.257	acostado
2.252	0.157	-9.295	acostado
2.246	0.15	-9.295	acostado
2.247	0.157	-9.266	acostado
2.236	0.148	-9.24	acostado
2.224	0.165	-9.26	acostado
2.223	0.176	-9.269	acostado
2.23	0.186	-9.263	acostado
2.216	0.17	-9.26	acostado
2.213	0.16	-9.249	acostado
2.216	0.159	-9.261	acostado
2.211	0.175	-9.287	acostado
2.192	0.186	-9.281	acostado
2.193	0.176	-9.285	acostado
2.201	0.172	-9.258	acostado
2.213	0.166	-9.238	acostado
2.233	0.177	-9.26	acostado
2.257	0.163	-9.268	acostado
2.273	0.18	-9.282	acostado
2.292	0.181	-9.273	acostado
2.277	0.189	-9.28	acostado
2.277	0.183	-9.273	acostado
2.267	0.152	-9.275	acostado
2.27	0.139	-9.268	acostado
2.26	0.134	-9.262	acostado
2.224	0.145	-9.257	acostado
2.187	0.148	-9.263	acostado
2.166	0.163	-9.284	acostado
2.152	0.177	-9.292	acostado
2.148	0.17	-9.262	acostado
2.146	0.157	-9.261	acostado
2.168	0.169	-9.27	acostado
2.215	0.129	-9.279	acostado
2.26	0.134	-9.263	acostado
2.194	0.218	-9.228	acostado
2.022	0.259	-9.294	acostado
1.939	0.202	-9.434	acostado
1.888	0.164	-9.523	acostado
1.754	0.19	-9.364	acostado
1.507	0.344	-9.098	acostado
1.425	0.606	-9.2	acostado
1.474	0.593	-9.552	acostado
1.528	0.268	-9.787	acostado
1.536	0.062	-9.827	acostado
2.14	0.133	-9.576	acostado
3.321	0.375	-8.978	acostado
4.057	0.366	-8.788	acostado
4.148	0.048	-8.891	acostado
4.052	-0.091	-8.872	acostado
3.909	-0.002	-8.751	acostado
3.809	0.23	-8.642	acostado
3.791	0.315	-8.795	acostado
3.758	0.397	-8.83	acostado
3.66	0.469	-8.733	acostado
3.312	0.504	-8.656	acostado
3.004	0.492	-8.675	acostado
2.673	0.409	-8.685	acostado
2.458	0.375	-8.68	acostado
2.405	0.396	-8.653	acostado
2.51	0.39	-8.618	acostado
2.218	0.402	-9.103	acostado
1.748	0.273	-9.579	acostado
1.362	0.116	-9.973	acostado
0.561	0.102	-10.229	acostado
0.029	0.188	-10.257	acostado
-0.208	0.334	-10.086	acostado
-0.273	0.443	-9.811	acostado
-0.224	0.494	-9.53	acostado
-0.069	0.527	-9.279	acostado
0.073	0.48	-9.226	acostado
0.169	0.421	-9.28	acostado
0.357	0.402	-9.473	acostado
0.692	0.354	-9.651	acostado
1.205	0.212	-9.708	acostado
1.852	0.104	-9.863	acostado
3.171	0.108	-9.78	acostado
4.496	0.099	-9.293	acostado
5.064	0.041	-8.684	acostado
4.837	0.002	-8.296	acostado
4.531	0.035	-8.286	acostado
4.387	0.358	-8.365	acostado
4.287	0.597	-8.387	acostado
4.113	0.541	-8.296	acostado
3.937	0.454	-8.319	acostado
3.856	0.405	-8.38	acostado
3.652	0.141	-8.715	acostado
3.578	0.022	-8.904	acostado
3.409	-0.099	-9.079	acostado
3.025	-0.181	-9.187	acostado
2.423	0.084	-9.527	acostado
1.583	0.395	-9.934	acostado
0.323	0.637	-10.157	acostado
-0.911	0.638	-10.284	acostado
-1.675	0.59	-10.052	acostado
-1.465	0.577	-9.456	acostado
-0.973	0.528	-9.064	acostado
-0.737	0.5	-9.242	acostado
-0.533	0.435	-9.443	acostado
-0.338	0.352	-9.607	acostado
-0.066	0.327	-9.667	acostado
0.681	0.215	-9.849	acostado
2.46	0.242	-10.008	acostado
5.075	0.317	-9.273	acostado
5.72	0.193	-8.662	acostado
5.286	-0.105	-8.289	acostado
4.885	-0.291	-8.144	acostado
4.793	-0.049	-8.193	acostado
4.495	0.423	-8.247	acostado
4.234	0.697	-8.216	acostado
3.977	0.673	-8.204	acostado
3.815	0.485	-8.394	acostado
3.673	0.238	-8.726	acostado
3.419	-0.043	-9.202	acostado
3.023	-0.29	-9.59	acostado
2.643	-0.273	-9.767	acostado
1.311	0.148	-10.162	acostado
0.277	0.545	-10.057	acostado
-0.413	0.73	-9.607	acostado
-0.595	0.713	-9.19	acostado
-0.467	0.557	-9.084	acostado
-0.077	0.411	-9.316	acostado
0.456	0.354	-9.419	acostado
0.866	0.315	-9.439	acostado
1.17	0.32	-9.534	acostado
1.427	0.297	-9.826	acostado
1.838	0.171	-9.941	acostado
2.316	0.193	-9.731	acostado
2.832	0.291	-9.445	acostado
3.206	0.269	-9.041	acostado
3.202	0.259	-8.8	acostado
3.284	0.364	-8.735	acostado
3.487	0.376	-8.836	acostado
3.481	0.3	-8.886	acostado
3.207	0.231	-8.878	acostado
2.962	0.285	-8.711	acostado
2.936	0.359	-8.751	acostado
2.92	0.388	-8.874	acostado
2.764	0.417	-9.096	acostado
2.555	0.356	-9.048	acostado
2.449	0.257	-8.896	acostado
2.467	0.214	-8.809	acostado
2.6	0.224	-8.769	acostado
2.707	0.248	-8.758	acostado
2.814	0.305	-8.776	acostado
2.818	0.207	-9.127	acostado
2.719	0.001	-9.54	acostado
2.514	-0.01	-10.057	acostado
1.591	0.105	-10.236	acostado
0.506	0.172	-10.343	acostado
-0.354	0.165	-10.211	acostado
-0.67	0.242	-9.676	acostado
-0.54	0.407	-9.104	acostado
-0.192	0.615	-8.739	acostado
0.035	0.742	-8.786	acostado
0.351	0.777	-8.981	acostado
0.735	0.698	-9.351	acostado
1.191	0.506	-9.698	acostado
1.688	0.277	-9.843	acostado
2.142	0.11	-9.749	acostado
2.441	0.005	-9.463	acostado
2.465	-0.031	-9.273	acostado
2.227	-0.138	-9.236	acostado
2.273	-0.084	-9.221	acostado
2.282	0.066	-9.226	acostado
2.441	0.176	-9.214	acostado
2.616	0.135	-9.221	acostado
2.588	-0.038	-9.347	acostado
2.434	-0.145	-9.474	acostado
2.259	-0.156	-9.601	acostado
2.255	-0.114	-9.65	acostado
2.435	0.03	-9.503	acostado
2.594	0.17	-9.157	acostado
2.599	0.208	-9.601	acostado
2.529	0.071	-9.898	acostado
2.892	-0.146	-10.129	acostado
2.936	-0.136	-11.431	acostado
2.689	0.285	-5.412	acostado
1.632	1.697	-6.942	acostado
2.744	1.358	-8.826	acostado
2.667	0.807	-9.681	acostado
1.385	-0.205	-10.248	acostado
0.712	-0.377	-9.759	acostado
0.223	-0.275	-9.714	acostado
0.724	0.062	-9.403	acostado
1.238	0.447	-8.933	acostado
1.838	0.887	-8.689	acostado
2.185	0.897	-8.666	acostado
2.393	0.528	-8.848	acostado
2.671	0.195	-9.11	acostado
2.886	0.09	-9.325	acostado
2.873	-0.084	-9.813	acostado
3.02	-0.195	-10.144	acostado
3.049	-0.328	-10.487	acostado
3.396	-0.47	-10.32	acostado
3.663	-0.105	-8.226	acostado
3.543	0.526	-8.085	acostado
3.096	0.572	-8.875	acostado
1.84	0.461	-9.306	acostado
1.583	0.256	-9.256	acostado
1.567	0.006	-9.675	acostado
1.124	-0.051	-9.786	acostado
1.141	0.028	-9.269	acostado
1.433	0.134	-8.632	acostado
1.405	0.345	-8.381	acostado
0.845	0.447	-8.942	acostado
0.06	0.296	-9.747	acostado
-0.231	0.123	-10.027	acostado
0.05	0.268	-9.658	acostado
0.425	0.354	-9.333	acostado
0.236	0.524	-9.443	acostado
-0.849	0.645	-10.958	acostado
-1.106	0.535	-11.353	acostado
-1.425	0.33	-11.563	acostado
-1.02	0.736	-11.48	acostado
-0.176	1.197	-10.617	acostado
0.676	1.401	-8.893	acostado
1.073	1.478	-7.836	acostado
0.941	1.642	-7.412	acostado
0.628	1.732	-7.641	acostado
0.119	1.865	-8.028	acostado
-0.294	1.87	-8.266	acostado
-0.109	2.152	-8.051	acostado
0.219	2.702	-7.89	acostado
0.605	2.95	-7.536	acostado
0.766	2.812	-7.483	acostado
0.968	2.399	-7.523	acostado
1.215	1.78	-7.942	acostado
1.533	1.275	-8.62	acostado
1.962	0.771	-9.33	acostado
2.112	0.309	-10.041	acostado
1.909	-0.186	-10.964	acostado
1.992	-0.491	-12.139	acostado
2.169	-0.94	-12.932	acostado
1.838	-1.435	-12.541	acostado
1.495	-1.027	-10.904	acostado
0.985	-0.087	-9.439	acostado
0.296	0.82	-8.499	acostado
-0.093	1.539	-7.649	acostado
-0.038	1.908	-7.497	acostado
0.408	1.889	-7.881	acostado
0.778	1.524	-8.714	acostado
0.94	0.826	-9.669	acostado
0.816	0.14	-10.171	acostado
0.667	-0.302	-10.335	acostado
0.662	-0.296	-10.355	acostado
0.697	0.097	-10.167	acostado
0.8	0.48	-9.779	acostado
0.996	0.784	-9.146	acostado
1.131	1.003	-8.632	acostado
1.1	1.034	-8.531	acostado
1.065	0.845	-8.868	acostado
1.116	0.557	-9.425	acostado
1.195	0.265	-9.816	acostado
1.256	0.061	-9.991	acostado
1.32	0.073	-9.957	acostado
1.232	0.192	-9.786	acostado
1.113	0.373	-9.576	acostado
1.02	0.448	-9.392	acostado
0.855	0.594	-9.179	acostado
0.453	0.632	-9.187	acostado
0.43	0.602	-9.434	acostado
0.91	0.49	-9.646	acostado
1.474	0.432	-9.585	acostado
1.601	0.366	-9.269	acostado
1.458	0.35	-9.183	acostado
0.989	0.376	-9.444	acostado
0.73	0.394	-9.718	acostado
0.735	0.384	-9.808	acostado
0.905	0.429	-9.574	acostado
0.93	0.411	-9.276	acostado
0.862	0.368	-9.193	acostado
0.778	0.366	-9.373	acostado
0.775	0.379	-9.577	acostado
0.882	0.344	-9.643	acostado
1	0.332	-9.521	acostado
1.103	0.369	-9.366	acostado
0.968	0.414	-9.397	acostado
0.832	0.368	-9.519	acostado
0.703	0.344	-9.564	acostado
0.64	0.345	-9.571	acostado
0.675	0.364	-9.507	acostado
0.942	0.431	-9.454	acostado
1.249	0.468	-9.409	acostado
1.415	0.426	-9.291	acostado
1.215	0.297	-9.269	acostado
0.877	0.204	-9.479	acostado
0.822	0.238	-9.734	acostado
1.051	0.399	-9.786	acostado
1.257	0.464	-9.485	acostado
1.24	0.383	-9.216	acostado
1.208	0.224	-9.307	acostado
1.129	0.199	-9.5	acostado
1.13	0.323	-9.592	acostado
1.238	0.439	-9.504	acostado
1.29	0.516	-9.337	acostado
1.489	0.497	-9.273	acostado
1.361	0.4	-9.349	acostado
1.35	0.36	-9.439	acostado
1.298	0.357	-9.501	acostado
1.173	0.394	-9.481	acostado
1.052	0.39	-9.486	acostado
0.941	0.324	-9.477	acostado
0.943	0.298	-9.471	acostado
1.038	0.357	-9.428	acostado
1.068	0.37	-9.413	acostado
1.074	0.409	-9.363	acostado
1.071	0.435	-9.339	acostado
1.013	0.385	-9.448	acostado
1.03	0.342	-9.498	acostado
1.028	0.33	-9.497	acostado
1.093	0.357	-9.449	acostado
1.226	0.394	-9.388	acostado
1.298	0.35	-9.333	acostado
1.434	0.302	-9.309	acostado
1.581	0.296	-9.305	acostado
1.714	0.298	-9.329	acostado
1.848	0.322	-9.334	acostado
1.869	0.314	-9.379	acostado
1.905	0.26	-9.39	acostado
1.912	0.244	-9.386	acostado
1.907	0.281	-9.45	acostado
1.894	0.365	-9.462	acostado
1.895	0.391	-9.39	acostado
1.859	0.403	-9.361	acostado
1.841	0.36	-9.354	acostado
1.821	0.332	-9.365	acostado
1.811	0.224	-9.439	acostado
1.775	0.174	-9.444	acostado
1.84	0.184	-9.415	acostado
1.851	0.261	-9.414	acostado
1.844	0.3	-9.402	acostado
1.834	0.269	-9.379	acostado
1.804	0.207	-9.366	acostado
1.773	0.123	-9.36	acostado
1.757	0.13	-9.353	acostado
1.744	0.177	-9.348	acostado
1.721	0.211	-9.355	acostado
1.757	0.375	-9.392	acostado
1.759	0.442	-9.386	acostado
1.754	0.516	-9.392	acostado
1.719	0.401	-9.364	acostado
1.717	0.227	-9.334	acostado
1.664	0.152	-9.333	acostado
1.615	0.13	-9.348	acostado
1.572	0.193	-9.382	acostado
1.506	0.283	-9.396	acostado
1.45	0.336	-9.408	acostado
1.411	0.348	-9.418	acostado
1.404	0.362	-9.414	acostado
1.399	0.396	-9.446	acostado
1.373	0.45	-9.461	acostado
1.384	0.479	-9.38	acostado
1.446	0.438	-9.327	acostado
1.535	0.424	-9.345	acostado
1.636	0.348	-9.329	acostado
1.697	0.286	-9.331	acostado
1.729	0.237	-9.328	acostado
1.747	0.242	-9.321	acostado
1.806	0.274	-9.337	acostado
1.84	0.273	-9.354	acostado
1.871	0.254	-9.39	acostado
1.894	0.223	-9.382	acostado
1.914	0.255	-9.383	acostado
1.921	0.305	-9.385	acostado
1.909	0.315	-9.36	acostado
1.872	0.306	-9.346	acostado
1.796	0.298	-9.365	acostado
1.719	0.29	-9.372	acostado
1.668	0.293	-9.376	acostado
1.632	0.289	-9.376	acostado
1.592	0.312	-9.364	acostado
1.559	0.353	-9.39	acostado
1.538	0.347	-9.407	acostado
1.541	0.303	-9.406	acostado
1.544	0.304	-9.396	acostado
1.577	0.314	-9.361	acostado
1.65	0.351	-9.351	acostado
1.699	0.377	-9.329	acostado
1.681	0.36	-9.323	acostado
1.794	0.283	-9.258	acostado
1.768	0.29	-9.292	acostado
1.603	0.249	-9.433	acostado
1.623	0.186	-9.438	acostado
1.695	0.177	-9.407	acostado
1.702	0.239	-9.365	acostado
1.721	0.266	-9.385	acostado
1.836	0.242	-9.448	acostado
1.931	0.147	-9.432	acostado
1.966	0.056	-9.347	acostado
1.909	-0.014	-9.366	acostado
1.768	0.001	-9.529	acostado
1.671	0.026	-9.664	acostado
1.621	0.095	-9.641	acostado
1.645	0.145	-9.523	acostado
1.723	0.278	-9.415	acostado
1.948	0.376	-9.355	acostado
2.095	0.379	-9.285	acostado
2.052	0.338	-9.215	acostado
1.935	0.36	-9.177	acostado
1.84	0.479	-9.117	acostado
1.937	0.576	-9.157	acostado
2.14	0.67	-9.177	acostado
2.218	0.462	-9.28	acostado
2.304	0.229	-9.276	acostado
2.221	0.236	-9.176	acostado
2.107	0.363	-9.155	acostado
2.157	0.306	-9.366	acostado
2.224	0.084	-9.689	acostado
2.124	-0.101	-9.884	acostado
1.889	-0.184	-9.786	acostado
1.367	-0.102	-9.512	acostado
1.166	0.087	-9.389	acostado
1.355	0.218	-9.351	acostado
1.578	0.174	-9.345	acostado
1.774	0.196	-9.093	acostado
1.9	0.327	-8.838	acostado
1.894	0.352	-8.897	acostado
1.861	0.253	-9.039	acostado
1.84	0.109	-9.246	acostado
1.963	0.071	-9.469	acostado
2.021	0.071	-9.39	acostado
2.021	-0.025	-9.34	acostado
2.047	0.004	-9.243	acostado
2.064	0.032	-9.262	acostado
2.027	0.146	-9.307	acostado
1.924	0.163	-9.312	acostado
1.826	0.146	-9.309	acostado
1.765	0.123	-9.209	acostado
1.767	0.104	-9.205	acostado
1.786	0.032	-9.3	acostado
1.773	0.068	-9.143	acostado
1.876	0.141	-9.11	acostado
1.974	0.25	-9.026	acostado
2.021	0.351	-8.763	acostado
2.021	0.448	-8.408	acostado
1.992	0.526	-8.135	acostado
2.121	0.652	-8.309	acostado
2.206	0.541	-9.041	acostado
2.476	-0.001	-10.313	acostado
2.738	-0.353	-11.024	acostado
2.453	-0.247	-10.3	acostado
1.591	-0.348	-9.94	acostado
1.092	-0.455	-10.151	acostado
1.15	-0.427	-10.156	acostado
1.301	-0.16	-9.78	acostado
1.204	0.18	-9.085	acostado
1.336	0.427	-8.616	acostado
1.566	0.473	-8.656	acostado
1.603	0.384	-8.985	acostado
1.622	0.287	-9.346	acostado
1.657	0.178	-9.619	acostado
1.621	0.115	-9.718	acostado
1.612	0.132	-9.694	acostado
1.575	0.207	-9.604	acostado
1.571	0.235	-9.471	acostado
1.647	0.285	-9.383	acostado
1.723	0.321	-9.213	acostado
1.82	0.384	-9.067	acostado
1.921	0.451	-9.02	acostado
1.927	0.435	-9.248	acostado
1.863	0.328	-9.471	acostado
1.762	0.34	-9.57	acostado
1.733	0.253	-9.522	acostado
1.964	0.231	-9.437	acostado
2.014	0.171	-9.418	acostado
1.863	0.139	-9.365	acostado
1.586	0.095	-9.347	acostado
1.177	0.078	-9.493	acostado
1.233	0.133	-9.527	acostado
1.257	0.201	-9.452	acostado
1.314	0.245	-9.416	acostado
1.058	0.279	-9.437	acostado
0.779	0.278	-9.538	acostado
0.731	0.269	-9.589	acostado
0.759	0.278	-9.536	acostado
0.609	0.293	-9.542	acostado
0.373	0.224	-9.588	acostado
0.129	0.127	-9.685	acostado
0.059	0.036	-9.735	acostado
0.387	0.068	-9.755	acostado
0.933	0.26	-9.822	acostado
1.727	0.441	-9.681	acostado
2.544	0.454	-9.58	acostado
2.788	0.332	-9.491	acostado
2.638	0.306	-9.044	acostado
2.4	0.357	-8.69	acostado
2.361	0.49	-8.638	acostado
2.49	0.607	-8.712	acostado
2.576	0.662	-8.837	acostado
2.494	0.577	-8.964	acostado
2.473	0.449	-8.965	acostado
2.575	0.473	-8.922	acostado
2.668	0.577	-8.929	acostado
2.753	0.505	-9.103	acostado
2.826	0.458	-9.207	acostado
2.703	0.454	-9.336	acostado
2.211	0.365	-9.589	acostado
1.36	0.138	-9.776	acostado
-0.221	-0.199	-10.007	acostado
-1.004	-0.324	-10.086	acostado
-0.97	-0.133	-9.985	acostado
-0.365	0.36	-9.607	acostado
0.108	0.541	-9.337	acostado
0.419	0.497	-9.178	acostado
0.6	0.4	-9.177	acostado
0.76	0.279	-9.233	acostado
0.98	0.254	-9.41	acostado
1.324	0.347	-9.736	acostado
1.848	0.515	-9.906	acostado
2.412	0.458	-9.792	acostado
2.764	0.292	-9.533	acostado
3.314	0.227	-9.031	acostado
3.699	0.253	-8.632	acostado
3.687	0.289	-8.478	acostado
3.396	0.332	-8.544	acostado
3.26	0.263	-8.681	acostado
3.127	0.346	-8.806	acostado
3.075	0.529	-8.96	acostado
3.102	0.467	-9.052	acostado
2.986	0.406	-9.244	acostado
2.703	0.444	-9.501	acostado
2.116	0.297	-9.953	acostado
1.194	0.032	-9.977	acostado
0.236	-0.071	-9.743	acostado
-0.309	0.024	-9.633	acostado
-0.159	0.529	-9.285	acostado
0.051	0.727	-9.236	acostado
0.13	0.707	-9.213	acostado
0.479	0.522	-9.177	acostado
0.715	0.341	-9.193	acostado
0.955	0.171	-9.285	acostado
1.221	0.051	-9.469	acostado
1.634	0.061	-9.64	acostado
2.087	0.14	-9.686	acostado
2.476	0.201	-9.632	acostado
2.693	0.214	-9.485	acostado
2.714	0.182	-9.351	acostado
2.636	0.154	-9.404	acostado
2.354	0.069	-9.612	acostado
1.847	-0.066	-9.473	acostado
1.329	-0.107	-9.419	acostado
1.225	0.159	-9.542	acostado
1.719	0.508	-9.72	acostado
2.308	0.448	-9.967	acostado
2.757	0.15	-9.926	acostado
2.577	0.169	-9.343	acostado
2.492	0.466	-8.698	acostado
2.636	0.752	-8.356	acostado
2.667	0.828	-8.438	acostado
2.425	0.728	-8.526	acostado
2.282	0.754	-8.49	acostado
2.166	0.851	-8.643	acostado
2.215	0.839	-8.72	acostado
2.369	0.767	-8.619	acostado
2.489	0.696	-8.684	acostado
2.48	0.497	-9.36	acostado
2.057	0.157	-9.65	acostado
1.281	-0.158	-10.27	acostado
0.362	-0.223	-10.554	acostado
-0.205	-0.192	-10.452	acostado
-0.297	0.135	-9.914	acostado
0.189	0.399	-9.534	acostado
0.57	0.462	-9.298	acostado
0.868	0.368	-9.206	acostado
1.032	0.176	-9.281	acostado
1.125	0.018	-9.331	acostado
1.241	0.055	-9.455	acostado
1.577	0.369	-9.722	acostado
2.301	0.707	-9.743	acostado
2.802	0.69	-9.278	acostado
2.816	0.253	-9.006	acostado
2.715	-0.057	-9.041	acostado
2.761	0.03	-9.009	acostado
2.905	0.255	-8.9	acostado
2.928	0.393	-8.872	acostado
2.807	0.406	-8.849	acostado
2.715	0.403	-8.886	acostado
2.629	0.385	-9.001	acostado
